{
  "model": "Qwen/Qwen2.5-0.5B-Instruct",
  "num_layers": 24,
  "hidden_dim": 896,
  "layers_extracted": [
    3,
    7,
    11,
    15,
    19,
    23
  ],
  "num_prompts": 12,
  "per_layer": {
    "3": {
      "pr_all": 1.0027034282684326,
      "pr_value": 1.0025135278701782,
      "spectrum_all": [
        11.983807563781738,
        0.004362857900559902,
        0.001974799670279026,
        0.0017939575482159853,
        0.0014533775392919779
      ],
      "spectrum_value": [
        9.987451553344727,
        0.003639684524387121,
        0.0017964272992685437,
        0.0014418518403545022,
        0.0012953100958839059
      ],
      "mean_norm": 74.69029235839844,
      "std_norm": 16.77225685119629
    },
    "7": {
      "pr_all": 1.0063652992248535,
      "pr_value": 1.005325198173523,
      "spectrum_all": [
        11.961980819702148,
        0.010461382567882538,
        0.005231169983744621,
        0.003954562358558178,
        0.003528134198859334
      ],
      "spectrum_value": [
        9.97347354888916,
        0.007071677129715681,
        0.003647180739790201,
        0.0033194380812346935,
        0.003127907868474722
      ],
      "mean_norm": 76.64750671386719,
      "std_norm": 17.049245834350586
    },
    "11": {
      "pr_all": 1.0083339214324951,
      "pr_value": 1.007012128829956,
      "spectrum_all": [
        11.95029067993164,
        0.015610150061547756,
        0.007247785106301308,
        0.004584058653563261,
        0.004460213705897331
      ],
      "spectrum_value": [
        9.965112686157227,
        0.010705474764108658,
        0.0046448614448308945,
        0.004110648762434721,
        0.003832697868347168
      ],
      "mean_norm": 76.20233154296875,
      "std_norm": 16.988143920898438
    },
    "15": {
      "pr_all": 1.018979549407959,
      "pr_value": 1.0155092477798462,
      "spectrum_all": [
        11.887625694274902,
        0.038653261959552765,
        0.015884345397353172,
        0.011358287185430527,
        0.009542358107864857
      ],
      "spectrum_value": [
        9.923291206359863,
        0.02604077197611332,
        0.010993534699082375,
        0.008791271597146988,
        0.00838231947273016
      ],
      "mean_norm": 77.64863586425781,
      "std_norm": 16.983205795288086
    },
    "19": {
      "pr_all": 1.0544754266738892,
      "pr_value": 1.0436018705368042,
      "spectrum_all": [
        11.685135841369629,
        0.11606011539697647,
        0.038602668792009354,
        0.03084227815270424,
        0.027214935049414635
      ],
      "spectrum_value": [
        9.788456916809082,
        0.07247788459062576,
        0.028302328661084175,
        0.02605484426021576,
        0.022311177104711533
      ],
      "mean_norm": 83.33280944824219,
      "std_norm": 15.976105690002441
    },
    "23": {
      "pr_all": 1.6131036281585693,
      "pr_value": 1.432505488395691,
      "spectrum_all": [
        9.400654792785645,
        0.612308919429779,
        0.38385817408561707,
        0.35340675711631775,
        0.3321593999862671
      ],
      "spectrum_value": [
        8.330222129821777,
        0.3713502585887909,
        0.3643716275691986,
        0.21091291308403015,
        0.1876942217350006
      ],
      "mean_norm": 49.79777908325195,
      "std_norm": 4.167736530303955
    }
  }
}