{
  "model": "Qwen/Qwen2.5-0.5B",
  "num_layers": 24,
  "hidden_dim": 896,
  "layers_extracted": [
    3,
    7,
    11,
    15,
    19,
    23
  ],
  "num_prompts": 12,
  "per_layer": {
    "3": {
      "pr_all": 1.0028384923934937,
      "pr_value": 1.0026373863220215,
      "spectrum_all": [
        11.983002662658691,
        0.004505706485360861,
        0.0021694726310670376,
        0.001860132091678679,
        0.0015117544680833817
      ],
      "spectrum_value": [
        9.986837387084961,
        0.003832127433270216,
        0.001904768985696137,
        0.0014855230692774057,
        0.0013724812306463718
      ],
      "mean_norm": 77.18309020996094,
      "std_norm": 17.2053279876709
    },
    "7": {
      "pr_all": 1.0069422721862793,
      "pr_value": 1.0057892799377441,
      "spectrum_all": [
        11.958550453186035,
        0.010989903472363949,
        0.0057951295748353004,
        0.004425457213073969,
        0.0039992681704461575
      ],
      "spectrum_value": [
        9.971170425415039,
        0.007497934624552727,
        0.0040547167882323265,
        0.003653822001069784,
        0.003366506425663829
      ],
      "mean_norm": 79.23314666748047,
      "std_norm": 17.49407958984375
    },
    "11": {
      "pr_all": 1.0087999105453491,
      "pr_value": 1.007404088973999,
      "spectrum_all": [
        11.947527885437012,
        0.015132056549191475,
        0.008113530464470387,
        0.005104182753711939,
        0.004902953747659922
      ],
      "spectrum_value": [
        9.963170051574707,
        0.010631289333105087,
        0.0051282849162817,
        0.00441077770665288,
        0.0041208588518202305
      ],
      "mean_norm": 78.71368408203125,
      "std_norm": 17.480443954467773
    },
    "15": {
      "pr_all": 1.0216102600097656,
      "pr_value": 1.0175843238830566,
      "spectrum_all": [
        11.872285842895508,
        0.04235377907752991,
        0.018046503886580467,
        0.014011070132255554,
        0.011486348696053028
      ],
      "spectrum_value": [
        9.913153648376465,
        0.02784745767712593,
        0.01358143799006939,
        0.010481170378625393,
        0.009271150454878807
      ],
      "mean_norm": 80.14488983154297,
      "std_norm": 17.444355010986328
    },
    "19": {
      "pr_all": 1.065369963645935,
      "pr_value": 1.0512136220932007,
      "spectrum_all": [
        11.6248779296875,
        0.14018869400024414,
        0.04334959760308266,
        0.04021986201405525,
        0.03243087977170944
      ],
      "spectrum_value": [
        9.75281047821045,
        0.08203771710395813,
        0.036249130964279175,
        0.031241223216056824,
        0.025348970666527748
      ],
      "mean_norm": 86.20772552490234,
      "std_norm": 16.359621047973633
    },
    "23": {
      "pr_all": 1.5017043352127075,
      "pr_value": 1.358253002166748,
      "spectrum_all": [
        9.758904457092285,
        0.497539222240448,
        0.34551602602005005,
        0.3082219958305359,
        0.29558783769607544
      ],
      "spectrum_value": [
        8.562468528747559,
        0.31985706090927124,
        0.31076860427856445,
        0.19639112055301666,
        0.15241818130016327
      ],
      "mean_norm": 60.684207916259766,
      "std_norm": 5.555740833282471
    }
  }
}