{
  "model": "TinyLlama/TinyLlama-1.1B-intermediate-step-1431k-3T",
  "num_layers": 22,
  "hidden_dim": 2048,
  "layers_extracted": [
    3,
    7,
    11,
    15,
    19,
    21
  ],
  "num_prompts": 12,
  "per_layer": {
    "3": {
      "pr_all": 1.0060462951660156,
      "pr_value": 1.005301833152771,
      "spectrum_all": [
        11.96387767791748,
        0.008695129305124283,
        0.005238797049969435,
        0.0037515771109610796,
        0.0031615381594747305
      ],
      "spectrum_value": [
        9.973589897155762,
        0.006546438671648502,
        0.003580959513783455,
        0.003156923223286867,
        0.0027974925469607115
      ],
      "mean_norm": 6.4700026512146,
      "std_norm": 1.0482101440429688
    },
    "7": {
      "pr_all": 1.0533713102340698,
      "pr_value": 1.046837568283081,
      "spectrum_all": [
        11.6915922164917,
        0.06137311831116676,
        0.04089708998799324,
        0.03393074870109558,
        0.03112887404859066
      ],
      "spectrum_value": [
        9.773391723632812,
        0.046473219990730286,
        0.034831203520298004,
        0.029718078672885895,
        0.02743348479270935
      ],
      "mean_norm": 6.644790172576904,
      "std_norm": 1.0216420888900757
    },
    "11": {
      "pr_all": 1.119681715965271,
      "pr_value": 1.1037262678146362,
      "spectrum_all": [
        11.338444709777832,
        0.1254396140575409,
        0.09199892729520798,
        0.07107023894786835,
        0.06525488942861557
      ],
      "spectrum_value": [
        9.516983032226562,
        0.09726919233798981,
        0.06573431938886642,
        0.06227841600775719,
        0.056848593056201935
      ],
      "mean_norm": 7.11207914352417,
      "std_norm": 0.9960439205169678
    },
    "15": {
      "pr_all": 1.309635043144226,
      "pr_value": 1.2617510557174683,
      "spectrum_all": [
        10.473657608032227,
        0.30180925130844116,
        0.20816542208194733,
        0.15992873907089233,
        0.14686676859855652
      ],
      "spectrum_value": [
        8.8938627243042,
        0.22807441651821136,
        0.1511821299791336,
        0.1414494514465332,
        0.1270848661661148
      ],
      "mean_norm": 8.704023361206055,
      "std_norm": 0.8756179809570312
    },
    "19": {
      "pr_all": 1.745175838470459,
      "pr_value": 1.5508204698562622,
      "spectrum_all": [
        9.027105331420898,
        0.6062272787094116,
        0.429804265499115,
        0.36451035737991333,
        0.2942872643470764
      ],
      "spectrum_value": [
        7.997521877288818,
        0.42347389459609985,
        0.29572251439094543,
        0.2717767655849457,
        0.23183444142341614
      ],
      "mean_norm": 16.518827438354492,
      "std_norm": 0.9147140979766846
    },
    "21": {
      "pr_all": 1.5583851337432861,
      "pr_value": 1.4087200164794922,
      "spectrum_all": [
        9.575587272644043,
        0.5175380706787109,
        0.34780144691467285,
        0.3135950565338135,
        0.2636743187904358
      ],
      "spectrum_value": [
        8.405025482177734,
        0.33480310440063477,
        0.268638551235199,
        0.22352701425552368,
        0.1931307315826416
      ],
      "mean_norm": 27.656572341918945,
      "std_norm": 2.2096564769744873
    }
  }
}