{
  "model": "TinyLlama/TinyLlama-1.1B-Chat-v1.0",
  "num_layers": 22,
  "hidden_dim": 2048,
  "layers_extracted": [
    3,
    7,
    11,
    15,
    19,
    21
  ],
  "num_prompts": 12,
  "per_layer": {
    "3": {
      "pr_all": 1.0053054094314575,
      "pr_value": 1.0046378374099731,
      "spectrum_all": [
        11.968287467956543,
        0.007668455131351948,
        0.004607872571796179,
        0.0032656462863087654,
        0.002776464680209756
      ],
      "spectrum_value": [
        9.976885795593262,
        0.005723533220589161,
        0.003121558576822281,
        0.0027585907373577356,
        0.002461715368553996
      ],
      "mean_norm": 6.72713041305542,
      "std_norm": 1.0902299880981445
    },
    "7": {
      "pr_all": 1.046173334121704,
      "pr_value": 1.0403200387954712,
      "spectrum_all": [
        11.731853485107422,
        0.054354116320610046,
        0.03654259815812111,
        0.02932698093354702,
        0.026792528107762337
      ],
      "spectrum_value": [
        9.80404281616211,
        0.04147936403751373,
        0.029544606804847717,
        0.025613153353333473,
        0.023530853912234306
      ],
      "mean_norm": 6.882106781005859,
      "std_norm": 1.0635924339294434
    },
    "11": {
      "pr_all": 1.1052372455596924,
      "pr_value": 1.0903518199920654,
      "spectrum_all": [
        11.412738800048828,
        0.1153511330485344,
        0.08139529079198837,
        0.06321460753679276,
        0.057458944618701935
      ],
      "spectrum_value": [
        9.575532913208008,
        0.08650971204042435,
        0.05827043205499649,
        0.054218776524066925,
        0.05022693797945976
      ],
      "mean_norm": 7.321712970733643,
      "std_norm": 1.0406880378723145
    },
    "15": {
      "pr_all": 1.2977135181427002,
      "pr_value": 1.2513686418533325,
      "spectrum_all": [
        10.522553443908691,
        0.29528820514678955,
        0.19340819120407104,
        0.1518668383359909,
        0.14694719016551971
      ],
      "spectrum_value": [
        8.931391716003418,
        0.21472881734371185,
        0.14788708090782166,
        0.13409219682216644,
        0.1266743391752243
      ],
      "mean_norm": 8.706469535827637,
      "std_norm": 0.9716377854347229
    },
    "19": {
      "pr_all": 1.823859453201294,
      "pr_value": 1.6090292930603027,
      "spectrum_all": [
        8.819966316223145,
        0.649055004119873,
        0.43628984689712524,
        0.39686182141304016,
        0.31794092059135437
      ],
      "spectrum_value": [
        7.845484733581543,
        0.4489422142505646,
        0.31848999857902527,
        0.28897523880004883,
        0.23587746918201447
      ],
      "mean_norm": 15.545838356018066,
      "std_norm": 0.8981296420097351
    },
    "21": {
      "pr_all": 1.835811734199524,
      "pr_value": 1.6001216173171997,
      "spectrum_all": [
        8.787728309631348,
        0.6589550375938416,
        0.4463636577129364,
        0.4406670033931732,
        0.31268060207366943
      ],
      "spectrum_value": [
        7.867486476898193,
        0.44771674275398254,
        0.3173602521419525,
        0.30171024799346924,
        0.2584664225578308
      ],
      "mean_norm": 22.73522186279297,
      "std_norm": 1.8351340293884277
    }
  }
}