{
  "compassion": [
    0.025393,
    -0.157691,
    0.338384,
    -0.251921,
    0.144405,
    0.060398,
    0.089586,
    -0.204393,
    0.041381,
    -0.168979,
    -0.041054,
    -0.000859,
    -0.244201,
    0.160957,
    0.13749,
    -0.43755,
    0.005139,
    -0.048656,
    0.174107,
    -0.124884,
    0.019271,
    0.204955,
    -0.421334,
    0.030579,
    0.17365,
    0.123987,
    -0.042851,
    0.0743,
    0.034559,
    0.218972,
    -0.106255,
    0.109161
  ],
  "courage": [
    -0.103809,
    0.324547,
    0.229051,
    -0.309026,
    0.282648,
    -0.073124,
    0.056629,
    0.17133,
    0.005829,
    0.034137,
    0.115455,
    0.130357,
    0.240138,
    0.301158,
    -0.049911,
    -0.146297,
    0.108306,
    -0.119137,
    0.032441,
    0.060092,
    -0.198672,
    0.220378,
    -0.236732,
    -0.005346,
    0.138017,
    -0.148466,
    -0.072109,
    -0.079791,
    0.060609,
    -0.016055,
    0.001495,
    0.427867
  ],
  "cowardice": [
    0.118973,
    -0.343163,
    -0.218063,
    0.355316,
    -0.424278,
    0.0745,
    -0.002554,
    -0.032913,
    0.087886,
    0.001359,
    -0.093843,
    -0.22345,
    -0.140452,
    -0.245463,
    -0.107967,
    0.318618,
    -0.021093,
    -0.050983,
    -0.040032,
    0.048122,
    0.138237,
    -0.088513,
    0.187728,
    -0.027385,
    -0.02029,
    0.116569,
    0.142143,
    -0.026905,
    -0.083989,
    0.104282,
    -0.022553,
    -0.353202
  ],
  "cruelty": [
    -0.039778,
    0.132073,
    -0.297323,
    0.199647,
    -0.174091,
    -0.06358,
    -0.190781,
    0.229154,
    -0.099283,
    0.020259,
    0.221037,
    -0.03971,
    0.218879,
    -0.117603,
    -0.198099,
    0.384574,
    0.046584,
    0.095705,
    -0.143019,
    0.278308,
    -0.180301,
    -0.213187,
    0.216856,
    -0.007349,
    -0.280057,
    0.00622,
    0.085565,
    0.018401,
    -0.157986,
    -0.174866,
    0.027038,
    -0.207842
  ],
  "fairness": [
    0.282258,
    -0.331708,
    0.176649,
    -0.523217,
    -0.064289,
    -0.105882,
    0.109495,
    -0.211512,
    0.049539,
    -0.206869,
    -0.086936,
    0.151732,
    -0.323407,
    -0.068994,
    0.046331,
    -0.269938,
    -0.140838,
    0.023534,
    -0.078616,
    0.026563,
    -0.193333,
    -0.029992,
    -0.195258,
    -0.117854,
    -0.0615,
    0.056936,
    0.16218,
    -0.081401,
    -0.025537,
    0.016984,
    0.073289,
    0.096135
  ],
  "freedom": [
    0.218865,
    -0.188787,
    0.354035,
    -0.135731,
    0.077695,
    0.003682,
    -0.058513,
    -0.02193,
    -0.26124,
    0.020798,
    0.007328,
    0.148476,
    -0.255601,
    0.025021,
    0.179683,
    -0.308518,
    -0.002135,
    -0.025244,
    -0.092391,
    -0.021708,
    0.037186,
    0.025452,
    -0.335885,
    -0.105307,
    0.05583,
    0.184756,
    -0.214875,
    -0.344984,
    0.094628,
    0.006393,
    -0.211087,
    0.294882
  ],
  "honesty": [
    -0.028135,
    0.203405,
    0.140506,
    0.079418,
    0.023754,
    0.011606,
    -0.018747,
    0.086809,
    -0.109532,
    0.271459,
    0.242278,
    0.055365,
    0.208933,
    0.237021,
    -0.009993,
    -0.121766,
    0.163033,
    -0.230195,
    0.161963,
    0.082462,
    -0.123081,
    -0.38249,
    0.063474,
    0.119358,
    0.071451,
    -0.449421,
    0.064016,
    0.042777,
    0.001148,
    -0.154952,
    -0.27482,
    0.236887
  ],
  "innovation": [
    0.378703,
    0.122422,
    0.184745,
    0.139156,
    -0.139324,
    -0.071999,
    -0.031514,
    0.174999,
    -0.211006,
    0.387544,
    -0.122571,
    -0.157955,
    -0.100018,
    -0.164988,
    0.021064,
    0.028493,
    0.313261,
    -0.059675,
    0.187772,
    0.127755,
    0.076622,
    -0.34202,
    0.080906,
    0.034811,
    -0.175098,
    0.140795,
    0.2214,
    0.126665,
    0.005288,
    -0.179838,
    0.095639,
    -0.133345
  ],
  "oppression": [
    -0.189253,
    0.191435,
    -0.432631,
    -0.013586,
    -0.106148,
    -0.068387,
    0.06965,
    -0.054876,
    0.213524,
    -0.2004,
    0.006446,
    -0.088185,
    0.072814,
    -0.100067,
    -0.271462,
    0.312781,
    -0.108692,
    0.051245,
    -0.008309,
    0.042253,
    -0.065251,
    0.015061,
    0.323111,
    0.140714,
    -0.117117,
    -0.11639,
    0.28808,
    0.299219,
    0.12013,
    0.041817,
    0.199179,
    -0.188009
  ],
  "secrecy": [
    -0.066687,
    0.080217,
    -0.192612,
    -0.050149,
    0.019115,
    0.305768,
    0.069788,
    -0.129892,
    -0.313742,
    -0.012635,
    -0.03495,
    -0.263598,
    -0.371913,
    -0.019349,
    0.108012,
    0.135545,
    0.09238,
    -0.111143,
    -0.166262,
    -0.149668,
    0.115224,
    0.211583,
    0.026569,
    0.172258,
    -0.460899,
    0.002587,
    0.041208,
    0.173428,
    0.065258,
    0.009376,
    0.252018,
    -0.156358
  ],
  "tradition": [
    -0.307257,
    -0.086257,
    -0.299438,
    -0.136921,
    0.266947,
    0.067382,
    0.19538,
    0.004456,
    0.06838,
    -0.296835,
    0.205907,
    -0.008065,
    0.128775,
    -0.090732,
    0.025683,
    0.089745,
    -0.261794,
    0.162198,
    0.012509,
    -0.079538,
    -0.222411,
    0.375281,
    -0.057701,
    0.160889,
    0.074001,
    -0.036774,
    -0.189008,
    -0.187851,
    0.132523,
    0.27158,
    -0.025805,
    0.127672
  ],
  "transparency": [
    0.12828,
    -0.028017,
    0.165474,
    -0.028943,
    0.028099,
    -0.269857,
    -0.041945,
    0.084413,
    0.241092,
    -0.022082,
    0.091041,
    0.281544,
    0.282365,
    0.113033,
    -0.037314,
    -0.026785,
    -0.110143,
    0.194452,
    0.149295,
    0.148136,
    0.080413,
    -0.286562,
    0.053411,
    -0.229074,
    0.413062,
    -0.039157,
    0.10277,
    -0.367468,
    -0.091854,
    -0.124567,
    -0.145967,
    0.173671
  ],
  "wisdom": [
    0.097601,
    0.166835,
    0.275962,
    -0.142672,
    0.091732,
    -0.253024,
    0.157087,
    0.197026,
    -0.031251,
    -0.106479,
    -0.046101,
    0.037948,
    0.049797,
    0.194685,
    0.109375,
    -0.126537,
    0.326492,
    -0.196711,
    0.130799,
    -0.030499,
    -0.167603,
    0.075536,
    -0.195993,
    0.385551,
    0.168589,
    -0.205611,
    0.177213,
    -0.035584,
    -0.049356,
    0.077197,
    -0.198493,
    0.332578
  ]
}