{
  "honesty": [
    -0.028135,
    0.203405,
    0.140506,
    0.079418,
    0.023754,
    0.011606,
    -0.018747,
    0.086809,
    -0.109532,
    0.271459,
    0.242278,
    0.055365,
    0.208933,
    0.237021,
    -0.009993,
    -0.121766,
    0.163033,
    -0.230195,
    0.161963,
    0.082462,
    -0.123081,
    -0.38249,
    0.063474,
    0.119358,
    0.071451,
    -0.449421,
    0.064016,
    0.042777,
    0.001148,
    -0.154952,
    -0.27482,
    0.236887
  ],
  "transparency": [
    0.12828,
    -0.028017,
    0.165474,
    -0.028943,
    0.028099,
    -0.269857,
    -0.041945,
    0.084413,
    0.241092,
    -0.022082,
    0.091041,
    0.281544,
    0.282365,
    0.113033,
    -0.037314,
    -0.026785,
    -0.110143,
    0.194452,
    0.149295,
    0.148136,
    0.080413,
    -0.286562,
    0.053411,
    -0.229074,
    0.413062,
    -0.039157,
    0.10277,
    -0.367468,
    -0.091854,
    -0.124567,
    -0.145967,
    0.173671
  ],
  "innovation": [
    0.378703,
    0.122422,
    0.184745,
    0.139156,
    -0.139324,
    -0.071999,
    -0.031514,
    0.174999,
    -0.211006,
    0.387544,
    -0.122571,
    -0.157955,
    -0.100018,
    -0.164988,
    0.021064,
    0.028493,
    0.313261,
    -0.059675,
    0.187772,
    0.127755,
    0.076622,
    -0.34202,
    0.080906,
    0.034811,
    -0.175098,
    0.140795,
    0.2214,
    0.126665,
    0.005288,
    -0.179838,
    0.095639,
    -0.133345
  ],
  "creativity": [
    0.102868,
    -0.177972,
    -0.166573,
    0.117484,
    -0.108271,
    -0.420136,
    0.251394,
    0.122645,
    0.164575,
    -0.276143,
    0.019947,
    0.198414,
    0.110287,
    -0.095745,
    0.200188,
    -0.059621,
    -0.32605,
    -0.041767,
    -0.117317,
    -0.254115,
    0.201702,
    -0.221499,
    0.263024,
    -0.152793,
    -0.060961,
    -0.037537,
    0.126933,
    -0.082048,
    0.010178,
    0.065775,
    -0.145762,
    -0.139075
  ],
  "efficiency": [
    -0.188728,
    -0.268649,
    0.30162,
    -0.115548,
    0.09263,
    -0.149044,
    0.289919,
    0.100636,
    0.199674,
    -0.006127,
    0.186612,
    -0.136832,
    -0.254222,
    0.223383,
    0.157166,
    0.064941,
    -0.02469,
    -0.069742,
    -0.167702,
    -0.058933,
    0.034062,
    0.179747,
    -0.010952,
    -0.266653,
    -0.260168,
    -0.168402,
    -0.198891,
    0.127271,
    0.213503,
    0.153864,
    -0.124911,
    -0.218128
  ],
  "fairness": [
    0.282258,
    -0.331708,
    0.176649,
    -0.523217,
    -0.064289,
    -0.105882,
    0.109495,
    -0.211512,
    0.049539,
    -0.206869,
    -0.086936,
    0.151732,
    -0.323407,
    -0.068994,
    0.046331,
    -0.269938,
    -0.140838,
    0.023534,
    -0.078616,
    0.026563,
    -0.193333,
    -0.029992,
    -0.195258,
    -0.117854,
    -0.0615,
    0.056936,
    0.16218,
    -0.081401,
    -0.025537,
    0.016984,
    0.073289,
    0.096135
  ],
  "loyalty": [
    0.060487,
    0.318733,
    0.143203,
    -0.253985,
    0.141441,
    -0.08659,
    -0.021592,
    -0.09847,
    -0.032726,
    -0.076844,
    0.168941,
    0.039605,
    0.28496,
    0.164187,
    0.311416,
    -0.071681,
    0.000596,
    -0.324345,
    0.191779,
    0.089247,
    -0.290623,
    -0.199908,
    -0.019612,
    0.226347,
    -0.132918,
    -0.165577,
    0.166422,
    -0.222132,
    -0.005969,
    0.077103,
    -0.037989,
    0.263009
  ],
  "justice": [
    0.385126,
    -0.18409,
    0.322775,
    -0.332036,
    0.166659,
    -0.069341,
    0.153259,
    -0.193963,
    0.042884,
    -0.081121,
    -0.198404,
    0.138294,
    -0.194196,
    -0.029109,
    0.23496,
    0.035885,
    0.221385,
    -0.175908,
    -0.058699,
    0.031238,
    0.064035,
    -0.244063,
    -0.284563,
    0.064369,
    -0.069039,
    -0.091401,
    0.2131,
    -0.155405,
    -0.085377,
    0.146369,
    0.027515,
    0.048851
  ],
  "courage": [
    -0.103809,
    0.324547,
    0.229051,
    -0.309026,
    0.282648,
    -0.073124,
    0.056629,
    0.17133,
    0.005829,
    0.034137,
    0.115455,
    0.130357,
    0.240138,
    0.301158,
    -0.049911,
    -0.146297,
    0.108306,
    -0.119137,
    0.032441,
    0.060092,
    -0.198672,
    0.220378,
    -0.236732,
    -0.005346,
    0.138017,
    -0.148466,
    -0.072109,
    -0.079791,
    0.060609,
    -0.016055,
    0.001495,
    0.427867
  ],
  "compassion": [
    0.025393,
    -0.157691,
    0.338384,
    -0.251921,
    0.144405,
    0.060398,
    0.089586,
    -0.204393,
    0.041381,
    -0.168979,
    -0.041054,
    -0.000859,
    -0.244201,
    0.160957,
    0.13749,
    -0.43755,
    0.005139,
    -0.048656,
    0.174107,
    -0.124884,
    0.019271,
    0.204955,
    -0.421334,
    0.030579,
    0.17365,
    0.123987,
    -0.042851,
    0.0743,
    0.034559,
    0.218972,
    -0.106255,
    0.109161
  ],
  "wisdom": [
    0.097601,
    0.166835,
    0.275962,
    -0.142672,
    0.091732,
    -0.253024,
    0.157087,
    0.197026,
    -0.031251,
    -0.106479,
    -0.046101,
    0.037948,
    0.049797,
    0.194685,
    0.109375,
    -0.126537,
    0.326492,
    -0.196711,
    0.130799,
    -0.030499,
    -0.167603,
    0.075536,
    -0.195993,
    0.385551,
    0.168589,
    -0.205611,
    0.177213,
    -0.035584,
    -0.049356,
    0.077197,
    -0.198493,
    0.332578
  ],
  "freedom": [
    0.218865,
    -0.188787,
    0.354035,
    -0.135731,
    0.077695,
    0.003682,
    -0.058513,
    -0.02193,
    -0.26124,
    0.020798,
    0.007328,
    0.148476,
    -0.255601,
    0.025021,
    0.179683,
    -0.308518,
    -0.002135,
    -0.025244,
    -0.092391,
    -0.021708,
    0.037186,
    0.025452,
    -0.335885,
    -0.105307,
    0.05583,
    0.184756,
    -0.214875,
    -0.344984,
    0.094628,
    0.006393,
    -0.211087,
    0.294882
  ],
  "equality": [
    0.294425,
    -0.302315,
    0.335543,
    -0.270872,
    -0.014625,
    -0.15628,
    0.207006,
    -0.179124,
    0.114144,
    0.000496,
    0.041555,
    0.111202,
    -0.298128,
    0.120581,
    0.124293,
    -0.165053,
    0.068481,
    -0.12433,
    -0.043918,
    0.019737,
    0.070195,
    0.140096,
    -0.173664,
    -0.307603,
    -0.25854,
    0.134527,
    0.016695,
    -0.152229,
    -0.101722,
    0.103189,
    0.016567,
    0.248373
  ],
  "responsibility": [
    0.198202,
    0.075799,
    0.170203,
    -0.27336,
    0.318241,
    -0.346127,
    0.237649,
    0.056524,
    -0.030472,
    -0.458597,
    -0.072319,
    0.043066,
    -0.003688,
    -0.020896,
    0.028065,
    0.116404,
    0.0887,
    -0.207735,
    0.248619,
    0.011533,
    -0.170986,
    0.036925,
    0.012233,
    -0.024968,
    0.12186,
    0.030385,
    0.290057,
    -0.105912,
    0.077106,
    -0.024682,
    0.007354,
    0.274479
  ],
  "resilience": [
    -0.003367,
    0.022973,
    0.097841,
    0.167189,
    -0.170597,
    -0.006039,
    -0.183333,
    -0.05209,
    0.176615,
    -0.000361,
    0.01584,
    -0.122451,
    0.061648,
    -0.169001,
    0.232162,
    -0.282919,
    0.099984,
    0.290215,
    -0.205178,
    -0.230192,
    0.266122,
    0.081707,
    -0.007159,
    -0.285654,
    -0.026949,
    0.125997,
    -0.079241,
    -0.110376,
    -0.264524,
    -0.079125,
    -0.338967,
    0.330272
  ],
  "humility": [
    0.210514,
    -0.172049,
    0.019151,
    -0.024807,
    -0.260648,
    -0.253027,
    -0.122937,
    0.191596,
    0.230354,
    0.162629,
    0.085752,
    0.46401,
    -0.04156,
    -0.034353,
    -0.084559,
    -0.018148,
    -0.112099,
    0.221594,
    0.271708,
    0.157768,
    -0.09392,
    -0.231764,
    -0.035445,
    0.071964,
    -0.243087,
    -0.050193,
    0.230343,
    -0.083448,
    -0.003981,
    -0.186131,
    0.025975,
    0.206002
  ],