{
  "probes": [
    {
      "dimension_name": "truthful",
      "weights": [
        0.029295146,
        -0.018294226,
        -0.07310472,
        -0.14296657,
        0.004803569,
        -0.056915097,
        -0.20373766,
        -0.026637843,
        0.06396633,
        -0.0024499544,
        0.090311386,
        -0.019008065,
        -0.082532555,
        0.04396863,
        -0.04205022,
        0.022987228,
        -0.036546823,
        0.06286286,
        0.219977,
        0.0757936,
        -0.064561844,
        -0.07536242,
        0.17491718,
        -0.037555713,
        0.016518041,
        0.13330494,
        -0.032205693,
        0.087134145,
        0.016003769,
        -0.15886784,
        0.047269147,
        0.024661886
      ],
      "bias": 0.021986103,
      "platt_scale": 1.0,
      "platt_shift": 0.0,
      "reliability_threshold": 0.7
    }
  ],
  "version": "v0.1.0",
  "corpus_version": "unversioned",
  "layer": 0,
  "geometry_hash": [
    112,
    160,
    163,
    213,
    228,
    34,
    47,
    23,
    201,
    138,
    141,
    188,
    84,
    91,
    234,
    87,
    232,
    213,
    211,
    241,
    169,
    196,
    59,
    243,
    74,
    192,
    243,
    110,
    101,
    176,
    231,
    64
  ],
  "max_drift": null,
  "max_directional_drift": null
}