{
  "probes": [
    {
      "dimension_name": "honesty",
      "weights": [
        0.14686659,
        0.17826109,
        0.14172588,
        0.2317186,
        0.10848124,
        0.1709879,
        0.11239049,
        0.1345815,
        0.22397186,
        0.21344987,
        0.14341967,
        0.15330718,
        0.1376738,
        0.15151092,
        0.13869041,
        0.12061577
      ],
      "bias": 0.022457398,
      "platt_scale": 1.0,
      "platt_shift": 0.0,
      "reliability_threshold": 0.7
    }
  ],
  "version": "v0.1.0",
  "corpus_version": "unversioned",
  "layer": 4,
  "geometry_hash": [
    211,
    24,
    54,
    88,
    109,
    93,
    212,
    255,
    219,
    183,
    212,
    174,
    65,
    109,
    171,
    220,
    104,
    11,
    123,
    213,
    185,
    40,
    193,
    33,
    119,
    23,
    182,
    93,
    0,
    99,
    228,
    241
  ],
  "max_drift": null,
  "max_directional_drift": null
}